ID_MOEDA; DATA_REF; VLR_COTACAO
EUR;2018-07-17;7,824961364
EUR;2014-06-10;6,376858294
EUR;2019-07-31;3,577850223
EUR;2014-05-26;3,751282096
EUR;2014-09-17;7,141330481
EUR;2015-06-24;3,444373369
EUR;2012-05-21;1,08782202
EUR;2014-07-18;2,471126378
EUR;2019-09-03;4,537775397
EUR;2011-04-28;4,820561409
EUR;2015-11-27;2,234298944
EUR;2015-10-01;2,898443401
EUR;2013-12-11;4,792434931
EUR;2016-03-04;5,211696029
EUR;2016-05-30;2,705740392
EUR;2011-07-18;4,350869
EUR;2015-06-01;7,945718467
EUR;2011-04-25;6,722400248
EUR;2016-11-25;1,635995865
EUR;2014-01-02;2,618346453
EUR;2013-04-01;5,391768575
EUR;2018-07-24;3,272475243
EUR;2019-09-30;1,202056944
EUR;2019-12-11;2,894473851
EUR;2018-10-16;7,846757174
EUR;2019-01-24;7,29310298
EUR;2013-05-13;4,987756491
EUR;2016-02-23;6,779258609
EUR;2019-07-22;2,558609188
EUR;2018-12-20;3,916267097
EUR;2019-03-04;2,928929746
EUR;2018-01-22;3,397611201
EUR;2014-03-31;2,917281032
EUR;2016-09-02;5,656436682
EUR;2011-06-27;1,812015414
EUR;2013-12-16;5,933103979
EUR;2019-05-29;4,840514719
EUR;2018-08-06;7,878846943
EUR;2017-07-07;6,552490234
EUR;2017-01-12;5,367093444
EUR;2012-11-29;2,074771345
EUR;2018-04-04;2,082909882
EUR;2011-03-14;2,726455152
EUR;2019-08-21;3,162403882
EUR;2012-10-11;5,804827929
EUR;2011-11-21;3,040589511
EUR;2012-08-01;6,557948887
EUR;2016-05-23;3,301074862
EUR;2014-11-24;5,620621443
EUR;2017-09-27;1,154096484
EUR;2011-03-11;5,717480302
EUR;2016-10-27;3,291159332
EUR;2013-05-02;1,903631747
EUR;2016-01-05;5,522330225
EUR;2016-04-18;4,030083954
EUR;2019-09-16;4,41376847
EUR;2019-08-01;5,855550468
EUR;2011-01-06;4,419290543
EUR;2011-07-13;1,748881459
EUR;2018-07-05;4,58804816
EUR;2014-04-17;2,883364618
EUR;2012-02-13;5,336414754
EUR;2011-02-10;5,316425145
EUR;2016-04-13;7,698533654
EUR;2018-12-25;6,099218011
EUR;2014-08-28;6,272049069
EUR;2015-04-23;4,301303864
EUR;2019-06-24;2,893581808
EUR;2015-08-11;3,034855485
EUR;2013-01-31;5,956907511
EUR;2019-04-24;1,825020552
EUR;2018-07-30;4,878681898
EUR;2013-09-20;7,60998857
EUR;2019-06-03;1,57287693
EUR;2015-05-26;5,393929422
EUR;2019-01-21;5,480804741
EUR;2016-01-12;3,910719156
EUR;2012-08-20;5,874062657
EUR;2013-03-12;3,102354527
EUR;2018-01-10;6,77198416
EUR;2013-12-10;5,433137596
EUR;2012-03-26;4,021957934
EUR;2012-06-25;6,063476205
EUR;2014-11-10;6,639302135
EUR;2016-10-07;5,702009737
EUR;2017-01-03;5,150794685
EUR;2012-12-12;2,69964838
EUR;2017-06-01;3,930186391
EUR;2018-02-28;1,972455502
EUR;2014-10-07;7,112680793
EUR;2016-05-02;4,25262326
EUR;2012-11-20;4,422671795
EUR;2015-08-28;3,676168144
EUR;2019-06-10;2,038331091
EUR;2018-07-11;5,580469072
EUR;2015-09-21;5,568100631
EUR;2019-08-14;1,405658484
EUR;2012-10-15;6,985720277
EUR;2018-06-13;7,251627147
EUR;2015-07-22;5,484161377
EUR;2016-05-24;2,830407798
EUR;2011-05-19;4,994858205
EUR;2014-07-28;7,119793355
EUR;2011-09-16;7,177954733
EUR;2015-09-25;1,470578611
EUR;2015-09-18;1,561362147
EUR;2018-02-01;5,820220053
EUR;2014-05-06;6,501168966
EUR;2014-05-12;6,753459454
EUR;2017-06-15;7,135407448
EUR;2012-09-10;4,312521994
EUR;2016-07-21;1,90655905
EUR;2019-06-26;1,142781556
EUR;2014-12-16;2,625152349
EUR;2013-10-30;3,220727563
EUR;2015-09-03;2,634203374
EUR;2012-02-09;3,84052521
EUR;2019-09-10;2,172373712
EUR;2012-09-27;6,507586837
EUR;2015-06-22;3,424555659
EUR;2018-11-23;4,532380581
EUR;2019-12-27;6,058696806
EUR;2016-09-07;7,033279359
EUR;2014-06-16;3,532195389
EUR;2016-06-08;3,803614736
EUR;2015-03-13;4,647448719
EUR;2016-03-29;5,691618145
EUR;2012-05-11;7,031647146
EUR;2014-06-09;5,041572809
EUR;2015-02-18;4,767780662
EUR;2012-03-02;5,407590449
EUR;2014-10-03;2,933789253
EUR;2015-05-25;1,593784451
EUR;2015-05-27;3,01479578
EUR;2019-11-07;6,961646378
EUR;2018-08-31;1,890185595
EUR;2019-09-11;4,462666035
EUR;2017-11-15;5,355900347
EUR;2016-12-07;2,472840786
EUR;2015-01-05;6,402197242
EUR;2017-02-23;4,681646347
EUR;2018-06-20;3,730873585
EUR;2016-05-26;2,129391253
EUR;2015-11-18;1,989611685
EUR;2012-01-16;1,60232228
EUR;2019-06-13;5,99794817
EUR;2012-03-20;3,093637288
EUR;2013-03-15;1,343351066
EUR;2012-01-05;5,481399298
EUR;2019-05-15;1,368682086
EUR;2018-07-02;6,156967163
EUR;2018-10-03;2,954606235
EUR;2012-03-14;7,044066489
EUR;2017-07-03;7,139578104
EUR;2015-09-17;2,941517651
EUR;2018-07-03;2,362462342
EUR;2012-03-23;6,254925013
EUR;2012-05-14;1,085529327
EUR;2014-10-08;4,612875164
EUR;2018-09-18;2,0588727
EUR;2016-09-29;6,107417047
EUR;2013-08-19;1,664742351
EUR;2014-09-08;5,165749133
EUR;2014-02-05;5,579358816
EUR;2019-01-04;4,502442479
EUR;2015-09-02;1,357280374
EUR;2014-08-22;2,251247764
EUR;2011-01-19;1,616226971
EUR;2018-04-05;6,649392486
EUR;2012-02-01;7,670096338
EUR;2014-07-29;4,020309448
EUR;2010-12-09;3,477738619
EUR;2019-03-27;4,578586578
EUR;2010-12-23;3,926067472
EUR;2016-07-26;1,400519848
EUR;2018-05-23;2,815650702
EUR;2015-12-01;1,087287545
EUR;2019-08-23;1,431076705
EUR;2011-05-31;2,345121324
EUR;2014-12-29;6,614600718
EUR;2013-09-02;2,691502333
EUR;2011-08-16;4,656034112
EUR;2017-10-09;7,882371306
EUR;2011-02-09;5,909454823
EUR;2015-02-13;4,666579664
EUR;2013-08-09;3,072652578
EUR;2016-12-23;4,798292875
EUR;2012-05-08;1,823435068
EUR;2014-11-25;7,124575675
EUR;2018-12-12;6,800149024
EUR;2015-02-24;1,204963803
EUR;2018-04-03;1,9389534
EUR;2011-05-26;5,35155654
EUR;2012-04-02;2,114589095
EUR;2015-01-12;6,332709253
EUR;2015-10-26;5,640428305
EUR;2019-11-06;2,377161026
EUR;2018-09-19;2,184577763
EUR;2012-01-20;2,351907194
EUR;2014-08-14;6,03499341
EUR;2011-05-02;4,515505195
EUR;2017-04-28;2,336067796
EUR;2017-03-23;2,813120604
EUR;2011-08-11;1,504729927
EUR;2014-12-04;2,364929438
EUR;2015-01-14;7,424030125
EUR;2019-01-03;4,610652983
EUR;2015-04-09;5,640218854
EUR;2017-11-22;7,376738906
EUR;2011-03-09;2,264172792
EUR;2012-01-25;1,543234229
EUR;2013-04-26;7,981933415
EUR;2019-12-31;1,900545061
EUR;2012-08-14;3,133824706
EUR;2016-05-18;7,140191019
EUR;2015-08-24;6,722584665
EUR;2011-02-03;1,883833647
EUR;2012-06-06;2,186550438
EUR;2013-10-23;3,460227787
EUR;2015-10-20;4,294948578
EUR;2013-02-14;2,895356297
EUR;2012-01-31;6,180765271
EUR;2014-02-27;1,113735914
EUR;2017-01-16;2,053189993
EUR;2016-12-20;2,426142037
EUR;2017-09-15;2,702112556
EUR;2013-12-19;1,326506972
EUR;2019-01-02;5,353452444
EUR;2019-04-03;2,228035033
EUR;2012-02-24;3,937453747
EUR;2014-05-21;6,165599287
EUR;2018-01-23;7,22897017
EUR;2012-12-19;5,47456795
EUR;2011-10-18;4,455124557
EUR;2012-06-28;4,139525712
EUR;2016-10-28;1,723252535
EUR;2018-02-15;1,088480413
EUR;2016-11-29;1,981368423
EUR;2016-11-10;7,464022696
EUR;2011-09-22;1,469835103
EUR;2013-01-07;5,287936091
EUR;2015-09-23;3,102611125
EUR;2013-09-23;2,567240894
EUR;2012-05-10;6,549668908
EUR;2012-10-09;3,097418666
EUR;2016-06-22;1,986985207
EUR;2013-06-27;1,976026595
EUR;2019-05-21;1,56962961
EUR;2019-01-31;3,760461628
EUR;2011-05-30;3,008816838
EUR;2013-06-07;1,354531229
EUR;2017-11-29;7,703655183
EUR;2017-12-27;1,416343391
EUR;2011-01-21;3,101422012
EUR;2015-06-25;6,308105052
EUR;2011-05-18;1,942140222
EUR;2014-09-26;4,688294113
EUR;2014-12-02;6,034435153
EUR;2018-10-02;4,021882415
EUR;2016-04-14;4,022552907
EUR;2012-02-16;7,579694152
EUR;2014-03-03;5,132103086
EUR;2015-08-07;1,030339479
EUR;2013-04-02;5,24509424
EUR;2012-05-03;5,29487592
EUR;2018-01-19;4,692532778
EUR;2019-01-28;3,215156674
EUR;2015-07-01;5,209276497
EUR;2016-05-20;2,085897267
EUR;2013-01-21;5,334486723
EUR;2017-10-27;5,460963249
EUR;2011-04-27;3,314305723
EUR;2016-05-09;6,604540825
EUR;2013-10-31;2,307533681
EUR;2015-06-03;4,198437274
EUR;2011-06-03;7,977917552
EUR;2017-08-31;7,884033144
EUR;2011-02-04;2,707985938
EUR;2018-10-26;6,560990095
EUR;2017-03-21;6,63186872
EUR;2014-01-23;4,760398567
EUR;2014-08-20;2,749098778
EUR;2014-05-30;1,227954984
EUR;2015-10-28;3,530537724
EUR;2012-09-18;1,002568901
EUR;2016-06-06;5,011482
EUR;2011-03-07;6,474411845
EUR;2019-02-14;7,606127918
EUR;2011-06-21;5,16171658
EUR;2017-05-19;7,169720232
EUR;2015-01-07;3,972639799
EUR;2014-05-23;1,784298241
EUR;2011-12-16;7,190334439
EUR;2018-01-17;6,47686851
EUR;2012-11-06;2,605386376
EUR;2017-01-02;6,342065692
EUR;2012-04-09;7,074027956
EUR;2011-04-15;6,387336671
EUR;2018-02-21;6,264895618
EUR;2013-12-06;5,546964467
EUR;2012-10-16;6,318219602
EUR;2018-02-07;4,587076008
EUR;2018-07-09;4,365146697
EUR;2016-12-26;6,870858252
EUR;2015-04-16;5,468799293
EUR;2012-08-31;5,983298719
EUR;2016-03-24;1,550953865
EUR;2019-06-17;1,857103229
EUR;2018-03-01;4,40574342
EUR;2018-05-17;7,95384407
EUR;2017-07-04;7,534014285
EUR;2012-06-05;7,50303936
EUR;2013-08-13;5,959618688
EUR;2014-12-24;7,636294246
EUR;2017-04-10;3,346195221
EUR;2016-05-10;1,819546044
EUR;2013-01-18;2,161470592
EUR;2019-09-09;6,691724896
EUR;2013-05-03;3,829072595
EUR;2013-09-24;6,07908988
EUR;2015-03-30;5,225733399
EUR;2013-10-10;3,664273262
EUR;2012-11-09;4,334122956
EUR;2016-03-17;6,595894516
EUR;2017-08-08;1,764068723
EUR;2013-12-27;3,485093594
EUR;2013-01-08;6,337597549
EUR;2017-03-30;2,323913395
EUR;2013-03-05;3,332298458
EUR;2013-03-13;5,110772908
EUR;2012-01-03;3,332641006
EUR;2012-03-01;6,720456362
EUR;2019-07-17;4,770506859
EUR;2016-10-05;6,839778602
EUR;2012-07-09;4,961923122
EUR;2011-02-15;2,472074747
EUR;2013-10-04;5,243533373
EUR;2017-08-04;2,647495985
EUR;2012-01-12;1,425354779
EUR;2017-06-26;2,214964807
EUR;2013-08-30;4,286606014
EUR;2013-08-08;1,395558536
EUR;2017-08-18;3,873118997
EUR;2011-03-16;2,05856353
EUR;2013-11-25;3,078211784
EUR;2014-07-21;3,088746905
EUR;2018-09-28;1,002910614
EUR;2012-07-03;1,965644598
EUR;2017-02-17;3,988491297
EUR;2019-06-18;4,879119575
EUR;2018-03-16;1,120478392
EUR;2018-07-27;4,177337825
EUR;2016-03-01;3,932871282
EUR;2013-05-31;3,6400913
EUR;2015-02-03;4,988573015
EUR;2011-01-27;4,341485441
EUR;2016-02-09;4,107474327
EUR;2015-03-11;5,659426987
EUR;2013-03-11;3,423336923
EUR;2012-10-22;2,244863689
EUR;2018-03-07;5,548648417
EUR;2017-02-27;7,790660262
EUR;2019-11-27;7,872781217
EUR;2014-04-15;1,66681391
EUR;2014-10-15;4,91244936
EUR;2017-12-08;3,98359549
EUR;2014-09-09;6,607173562
EUR;2013-06-18;3,301864266
EUR;2016-11-01;5,388260484
EUR;2017-05-29;7,053404987
EUR;2017-11-17;2,32244724
EUR;2017-12-04;6,072893977
EUR;2011-10-12;7,045135438
EUR;2013-08-27;7,485442162
EUR;2014-05-15;2,684416473
EUR;2012-04-12;4,451735377
EUR;2018-10-22;5,673838615
EUR;2013-03-25;3,477694809
EUR;2019-06-19;5,483785868
EUR;2019-11-29;4,160654366
EUR;2011-04-06;1,394628525
EUR;2017-05-24;2,730226517
EUR;2015-11-25;5,315059543
EUR;2011-03-01;2,067994237
EUR;2014-11-28;6,8783288
EUR;2015-10-30;1,564715862
EUR;2019-08-07;5,914171636
EUR;2014-07-22;7,637313545
EUR;2017-02-21;2,492206216
EUR;2015-02-25;5,220547616
EUR;2015-08-04;5,519453824
EUR;2013-11-14;4,028284848
EUR;2017-05-11;6,370827615
EUR;2015-05-22;5,855921805
EUR;2010-12-06;1,90754205
EUR;2013-10-14;2,093286872
EUR;2013-11-20;6,747941554
EUR;2015-07-23;3,1777547
EUR;2016-05-12;7,098285854
EUR;2014-10-27;1,819377899
EUR;2016-11-11;1,089794278
EUR;2014-05-19;5,94242245
EUR;2015-12-22;2,528953135
EUR;2018-05-18;3,630034745
EUR;2017-08-21;5,805437505
EUR;2018-01-12;7,882631242
EUR;2018-02-12;2,025829554
EUR;2013-04-22;6,542012274
EUR;2016-10-19;5,143081725
EUR;2019-08-27;1,744395792
EUR;2017-08-14;1,024413943
EUR;2017-03-22;4,578748882
EUR;2011-10-14;4,470631421
EUR;2016-01-19;3,046429932
EUR;2011-10-13;5,943013668
EUR;2012-04-16;4,321803331
EUR;2019-10-28;3,813840687
EUR;2012-06-18;5,501729786
EUR;2015-12-10;2,73187834
EUR;2019-07-18;2,208366692
EUR;2012-09-03;2,268660545
EUR;2012-02-23;7,453889787
EUR;2012-09-05;2,739803672
EUR;2019-08-26;1,110141039
EUR;2014-09-05;6,69397378
EUR;2013-07-03;7,687874615
EUR;2017-04-03;6,913959205
EUR;2016-02-01;4,866791606
EUR;2012-02-28;4,709137797
EUR;2015-12-24;4,237344205
EUR;2017-10-13;2,990712285
EUR;2013-05-06;3,052811086
EUR;2012-04-19;1,570821226
EUR;2011-11-03;6,686655939
EUR;2019-03-15;4,942409992
EUR;2017-10-04;5,204689443
EUR;2019-10-14;5,11452049
EUR;2012-06-04;1,203349531
EUR;2015-04-22;5,048263967
EUR;2016-12-28;2,196326196
EUR;2016-01-15;1,342945516
EUR;2012-04-25;2,486845195
EUR;2015-10-09;2,271842778
EUR;2014-07-30;4,834935486
EUR;2017-04-14;3,822656393
EUR;2012-10-02;2,516946852
EUR;2016-09-14;3,340899706
EUR;2019-08-19;2,038665712
EUR;2018-11-01;7,79818964
EUR;2019-12-16;3,005384684
EUR;2013-12-03;2,234493375
EUR;2015-09-16;7,765218258
EUR;2013-09-10;5,980041385
EUR;2012-07-02;6,116774738
EUR;2013-04-30;7,961139381
EUR;2017-05-01;6,99178642
EUR;2019-01-01;4,117062747
EUR;2016-04-05;7,191967487
EUR;2012-03-28;7,43415302
EUR;2013-06-21;2,90617305
EUR;2017-05-02;4,247103691
EUR;2012-05-23;3,592359483
EUR;2017-04-13;7,443734348
EUR;2017-08-01;7,587181389
EUR;2019-12-03;1,836229503
EUR;2017-06-07;2,382288814
EUR;2016-06-02;2,441886306
EUR;2016-08-10;1,617920101
EUR;2016-01-29;1,83515054
EUR;2012-10-26;1,80205816
EUR;2016-06-07;1,740079939
EUR;2016-08-19;3,630508304
EUR;2015-11-19;2,96615231
EUR;2015-06-10;2,679328322
EUR;2013-02-21;7,36786145
EUR;2016-10-31;2,32498318
EUR;2012-11-14;6,404878378
EUR;2010-12-16;4,744098961
EUR;2015-10-27;6,675506651
EUR;2018-04-19;6,329552889
EUR;2016-03-25;1,763510048
EUR;2013-02-19;5,538626492
EUR;2017-01-31;1,04289192
EUR;2014-11-04;1,558262944
EUR;2012-08-23;3,261992276
EUR;2016-05-16;2,525645316
EUR;2018-09-13;3,394436896
EUR;2016-11-23;7,677238107
EUR;2016-12-22;6,569368541
EUR;2011-11-02;2,561964154
EUR;2019-03-05;3,351689339
EUR;2014-08-19;4,437735975
EUR;2015-05-13;7,052651048
EUR;2015-03-27;3,395434916
EUR;2017-03-07;2,829404354
EUR;2019-10-31;3,680526972
EUR;2011-11-30;5,345280528
EUR;2016-05-31;1,553483963
EUR;2012-07-05;7,016078115
EUR;2014-08-01;4,965306461
EUR;2014-02-21;5,486411095
EUR;2019-01-08;7,304046154
EUR;2012-06-11;2,25750041
EUR;2014-12-09;7,053877294
EUR;2014-08-12;1,704155803
EUR;2011-10-24;7,569516599
EUR;2011-08-12;4,231954813
EUR;2011-02-18;5,295719564
EUR;2016-07-08;4,412786722
EUR;2017-07-26;5,74805218
EUR;2017-06-02;6,157184541
EUR;2013-07-19;6,734833777
EUR;2019-02-08;4,642847478
EUR;2012-11-08;2,008861542
EUR;2015-07-06;2,880224943
EUR;2015-04-21;4,403504968
EUR;2014-07-10;7,437479198
EUR;2017-03-09;6,029662013
EUR;2018-11-16;1,764472187
EUR;2017-11-24;2,940780401
EUR;2012-12-31;4,881887496
EUR;2016-03-07;4,785556018
EUR;2016-05-27;7,048278451
EUR;2018-02-23;3,843492568
EUR;2019-01-16;4,132397294
EUR;2012-04-30;2,122808576
EUR;2019-03-22;3,735449374
EUR;2015-11-05;5,606812716
EUR;2013-07-31;1,974260867
EUR;2011-08-01;4,787805736
EUR;2015-10-14;3,000017405
EUR;2016-02-03;5,514340639
EUR;2016-11-03;2,294962883
EUR;2012-05-24;2,752513409
EUR;2019-09-12;1,207572758
EUR;2012-03-15;1,50200665
EUR;2017-05-05;4,577213466
EUR;2019-12-12;3,951516986
EUR;2010-12-15;5,283335686
EUR;2018-05-09;7,549823642
EUR;2018-08-28;7,318119824
EUR;2013-11-01;3,39068222
EUR;2015-06-30;7,885437965
EUR;2013-04-29;2,935232043
EUR;2018-03-19;4,259770453
EUR;2011-05-27;1,362434447
EUR;2014-01-01;3,307247818
EUR;2016-12-27;2,937646985
EUR;2015-06-04;3,794265389
EUR;2011-12-19;4,846466959
EUR;2014-04-04;2,6758219
EUR;2014-06-26;6,895439923
EUR;2019-08-12;2,083773971
EUR;2012-10-29;6,12048769
EUR;2013-03-08;5,231117368
EUR;2014-12-31;2,289422452
EUR;2011-06-28;6,750711143
EUR;2016-03-28;5,057787299
EUR;2013-11-26;5,562595665
EUR;2017-02-03;4,388599753
EUR;2013-02-27;5,227767408
EUR;2011-02-21;4,515968323
EUR;2017-11-02;4,630585432
EUR;2016-01-26;6,925461888
EUR;2012-10-01;3,813724279
EUR;2011-08-18;2,910003662
EUR;2012-10-12;1,769710124
EUR;2017-03-16;7,61902374
EUR;2017-10-05;7,386714935
EUR;2013-09-26;3,404273152
EUR;2011-11-25;1,533193529
EUR;2018-05-24;3,296323836
EUR;2013-06-24;7,419837356
EUR;2016-04-12;2,32735306
EUR;2015-03-25;2,598900497
EUR;2018-04-30;4,790516078
EUR;2013-05-08;6,896157563
EUR;2014-06-23;6,066096425
EUR;2016-04-22;1,083122313
EUR;2016-07-13;1,076183736
EUR;2019-10-21;7,288269758
EUR;2019-07-10;3,987971008
EUR;2016-07-15;3,379948914
EUR;2014-11-21;2,88184756
EUR;2013-11-05;2,543076873
EUR;2016-03-15;6,154675305
EUR;2011-06-01;1,572352886
EUR;2012-02-02;4,074966908
EUR;2013-02-08;4,29342401
EUR;2018-05-30;1,319451153
EUR;2016-03-14;4,233228207
EUR;2016-09-16;3,185366273
EUR;2019-08-05;7,75411278
EUR;2014-03-11;2,657726526
EUR;2016-12-30;2,134082615
EUR;2018-05-01;7,496178389
EUR;2012-08-09;3,100902975
EUR;2011-10-26;5,314085305
EUR;2011-08-22;3,631032348
EUR;2016-04-07;1,173589587
EUR;2013-07-24;7,59862566
EUR;2013-11-07;5,019853354
EUR;2014-05-22;2,460040092
EUR;2019-10-23;7,491970181
EUR;2016-04-29;7,272641063
EUR;2015-03-18;5,699599385
EUR;2011-02-25;5,277402639
EUR;2012-01-11;6,894303799
EUR;2015-09-14;6,883978963
EUR;2014-01-20;2,046616077
EUR;2012-08-10;6,233230591
EUR;2018-09-20;1,460111499
EUR;2018-12-14;1,99744314
EUR;2012-08-16;2,406896353
EUR;2017-04-19;7,094175279
EUR;2019-02-22;4,570339978
EUR;2019-04-09;6,608370602
EUR;2019-08-28;7,38978827
EUR;2012-11-22;5,52141273
EUR;2012-09-13;2,331121922
EUR;2018-03-09;4,781789243
EUR;2013-01-11;6,464506745
EUR;2013-12-31;4,001177669
EUR;2014-08-27;2,409781516
EUR;2012-08-29;2,75636822
EUR;2019-11-25;1,280112803
EUR;2019-04-19;1,817730248
EUR;2016-11-14;7,944962442
EUR;2014-01-24;7,644636393
EUR;2012-01-26;6,145433605
EUR;2019-11-12;4,135574102
EUR;2014-02-13;1,944214702
EUR;2019-10-03;5,410357952
EUR;2016-02-29;4,734286904
EUR;2015-04-01;6,711125374
EUR;2019-02-25;4,713957667
EUR;2015-02-23;7,689955771
EUR;2019-12-13;5,650565803
EUR;2011-06-15;7,683334708
EUR;2012-09-25;2,558179855
EUR;2014-09-16;5,603785694
EUR;2014-05-16;7,863793612
EUR;2012-11-28;5,852676988
EUR;2013-02-11;5,886075199
EUR;2012-10-05;5,578252316
EUR;2017-02-24;1,278659165
EUR;2018-06-05;1,543349802
EUR;2011-03-30;5,831784904
EUR;2011-07-01;1,496963143
EUR;2014-11-20;4,340080619
EUR;2015-08-20;3,372473776
EUR;2019-10-04;5,972895443
EUR;2017-09-04;2,833210766
EUR;2013-12-09;4,675685763
EUR;2016-10-21;4,324071825
EUR;2018-03-26;5,941869617
EUR;2017-12-22;4,552414417
EUR;2016-12-02;6,900625288
EUR;2017-11-03;2,547808707
EUR;2018-08-09;3,655826807
EUR;2015-10-13;6,117198646
EUR;2018-06-12;3,161482215
EUR;2014-11-11;2,488577545
EUR;2019-04-25;7,191065848
EUR;2014-07-15;6,897096753
EUR;2016-01-20;2,965863585
EUR;2012-01-27;4,210722685
EUR;2019-02-01;6,343788028
EUR;2012-03-21;6,26613605
EUR;2019-01-30;2,021208286
EUR;2015-05-06;3,926546872
EUR;2017-10-18;2,553858578
EUR;2015-12-16;5,255616009
EUR;2015-01-01;7,97724247
EUR;2018-11-19;7,639739752
EUR;2013-10-08;3,027819276
EUR;2017-02-02;5,718994439
EUR;2014-05-20;5,418755174
EUR;2011-06-16;4,719272792
EUR;2015-07-24;3,173451781
EUR;2015-06-11;2,675627887
EUR;2013-03-22;7,302801132
EUR;2018-04-25;5,936541557
EUR;2018-04-27;4,41479528
EUR;2014-02-28;1,53195101
EUR;2013-05-14;4,422584593
EUR;2013-08-22;4,535955012
EUR;2014-05-07;4,366722167
EUR;2014-04-07;1,036977232
EUR;2011-07-25;3,159170747
EUR;2015-04-02;4,548620522
EUR;2016-06-23;4,639009774
EUR;2019-03-08;3,556135356
EUR;2016-02-15;5,79485774
EUR;2014-03-21;7,635600805
EUR;2014-06-17;4,338645339
EUR;2012-02-10;1,709798455
EUR;2014-04-14;7,672297239
EUR;2013-09-16;4,528941751
EUR;2012-06-19;4,866077304
EUR;2012-09-12;4,026768625
EUR;2016-10-12;3,817394257
EUR;2012-05-25;5,688616574
EUR;2019-01-18;7,890631676
EUR;2017-01-13;3,102566898
EUR;2013-12-17;2,316705704
EUR;2010-12-29;2,130687594
EUR;2018-11-09;5,87276423
EUR;2012-07-19;7,862046242
EUR;2019-03-29;6,999841094
EUR;2016-12-19;3,180336952
EUR;2014-04-28;7,780351281
EUR;2015-07-27;4,269429386
EUR;2019-10-18;7,612423122
EUR;2018-06-07;4,663789213
EUR;2012-05-22;4,379529119
EUR;2016-06-20;3,139196992
EUR;2015-09-01;1,264671862
EUR;2017-09-08;2,204753458
EUR;2011-06-08;4,185693324
EUR;2019-02-13;3,214213729
EUR;2013-09-12;2,695698023
EUR;2017-01-23;1,986075222
EUR;2019-05-30;7,589712739
EUR;2018-12-28;5,020200074
EUR;2011-07-12;1,513532698
EUR;2015-09-15;3,666900575
EUR;2017-03-03;4,694930196
EUR;2015-08-06;7,742182434
EUR;2015-12-14;4,744335115
EUR;2011-01-12;6,360564947
EUR;2016-04-27;5,941905499
EUR;2014-12-17;2,172506392
EUR;2018-04-12;7,247663438
EUR;2012-07-12;1,44066304
EUR;2017-12-14;3,058035254
EUR;2017-06-05;5,40764761
EUR;2013-07-30;3,013662577
EUR;2018-10-18;6,687302232
EUR;2016-09-15;6,098994792
EUR;2011-07-08;5,732573688
EUR;2014-07-09;5,287031531
EUR;2017-12-28;2,36430192
EUR;2014-03-13;1,234073281
EUR;2011-11-29;1,921747983
EUR;2012-07-20;4,076326668
EUR;2011-07-21;3,392676592
EUR;2017-01-11;4,178311646
EUR;2016-05-13;1,229119062
EUR;2012-04-27;1,026585639
EUR;2011-01-13;1,028768599
EUR;2012-11-12;6,512940764
EUR;2015-05-29;1,559512973
EUR;2011-05-04;1,703348875
EUR;2018-05-14;5,319424212
EUR;2013-02-04;4,321233392
EUR;2017-12-15;2,257280529
EUR;2017-08-07;2,125983298
EUR;2014-01-30;6,555961609
EUR;2014-10-02;6,768750608
EUR;2017-01-30;2,997418046
EUR;2011-09-21;1,198812962
EUR;2012-09-24;1,760164678
EUR;2011-09-06;1,086156428
EUR;2019-04-26;6,775852323
EUR;2017-06-20;6,69652766
EUR;2015-12-02;2,159025609
EUR;2013-07-11;6,463242948
EUR;2012-10-17;1,441632271
EUR;2018-01-04;7,16956836
EUR;2013-05-24;7,580804408
EUR;2016-09-01;5,880000293
EUR;2017-01-05;4,993341982
EUR;2017-02-09;2,866310239
EUR;2019-07-24;1,316992819
EUR;2018-12-31;7,435178161
EUR;2014-01-22;4,029489398
EUR;2014-06-20;7,621336043
EUR;2015-12-03;2,482690811
EUR;2019-08-08;7,049283981
EUR;2013-10-03;3,042862594
EUR;2017-09-06;5,030838668
EUR;2012-07-16;5,057235301
EUR;2018-12-21;1,536405802
EUR;2018-12-11;7,811445951
EUR;2017-07-05;2,387143731
EUR;2014-09-25;6,48483932
EUR;2016-07-05;5,821803868
EUR;2014-08-11;6,407591641
EUR;2014-09-02;5,060304463
EUR;2013-07-29;1,692077339
EUR;2013-05-17;4,479548931
EUR;2013-08-06;1,351491272
EUR;2011-12-28;6,446235299
EUR;2011-04-18;5,455472469
EUR;2017-08-17;7,790642321
EUR;2012-08-08;3,931531549
EUR;2013-09-18;6,059141159
EUR;2014-03-20;7,243716419
EUR;2017-04-05;7,354010165
EUR;2014-09-04;1,217260063
EUR;2011-01-24;4,22019887
EUR;2014-06-25;2,099587917
EUR;2019-09-02;4,033201516
EUR;2014-05-08;2,636578679
EUR;2013-07-04;3,154322505
EUR;2015-10-12;1,307691455
EUR;2013-02-12;2,015165091
EUR;2017-01-09;6,305515707
EUR;2014-06-19;2,394813299
EUR;2015-12-31;1,487028837
EUR;2015-06-15;2,876020491
EUR;2015-08-26;2,975877583
EUR;2013-03-01;7,507873833
EUR;2014-12-03;1,466264427
EUR;2018-05-02;6,693217337
EUR;2017-01-24;6,710892558
EUR;2019-12-18;6,413777947
EUR;2016-01-14;3,186788201
EUR;2013-05-23;6,989541292
EUR;2015-09-11;6,409906447
EUR;2013-10-24;7,148786426
EUR;2015-04-10;2,20970434
EUR;2014-12-25;6,511273086
EUR;2017-01-27;1,125836909
EUR;2018-07-23;6,159110487
EUR;2014-04-24;4,050455332
EUR;2010-12-01;4,387913823
EUR;2015-07-31;6,459848344
EUR;2011-09-08;1,232642591
EUR;2013-01-14;1,346703947
EUR;2018-11-07;1,623657465
EUR;2013-10-01;3,487324536
EUR;2015-10-29;7,397146165
EUR;2017-08-23;6,595576584
EUR;2019-09-13;6,688001513
EUR;2013-09-25;7,20522505
EUR;2019-11-04;4,478339791
EUR;2015-07-15;5,816924751
EUR;2011-10-07;7,345233679
EUR;2016-08-16;2,589940012
EUR;2012-12-21;5,796705663
EUR;2014-11-14;2,776718736
EUR;2019-12-06;2,654276013
EUR;2013-01-30;5,432349861
EUR;2014-02-04;1,088635623
EUR;2011-08-05;5,983488977
EUR;2016-08-23;7,581150293
EUR;2016-06-21;3,830445707
EUR;2017-03-14;2,38820225
EUR;2016-08-24;4,472969592
EUR;2013-11-29;5,87771678
EUR;2018-04-26;2,292293847
EUR;2014-02-17;1,5236485
EUR;2018-11-27;1,395510554
EUR;2017-09-11;4,914965272
EUR;2018-10-19;3,727145612
EUR;2013-08-14;3,801309526
EUR;2011-12-21;2,333005726
EUR;2011-03-22;4,714186728
EUR;2013-12-05;1,01555109
EUR;2011-10-25;3,26586628
EUR;2011-12-30;4,338220596
EUR;2014-10-13;1,321561933
EUR;2018-06-28;6,693891168
EUR;2011-06-30;6,568371356
EUR;2014-07-04;6,934602201
EUR;2019-08-29;4,121640623
EUR;2012-01-30;7,211693823
EUR;2014-01-09;3,426004708
EUR;2013-12-30;3,121735394
EUR;2014-04-02;3,19921422
EUR;2016-02-02;2,69282788
EUR;2010-12-24;2,279892862
EUR;2015-05-28;1,900792897
EUR;2018-11-15;7,193984389
EUR;2014-11-07;6,12061578
EUR;2011-01-03;3,487659991
EUR;2012-02-21;4,53684622
EUR;2019-07-29;4,569784641
EUR;2012-04-05;2,401323378
EUR;2017-11-16;6,939063668
EUR;2018-05-16;3,853537023
EUR;2012-02-06;6,097146869
EUR;2018-06-14;4,009329557
EUR;2019-04-18;4,672854424
EUR;2016-01-18;2,483665466
EUR;2018-01-11;4,471573949
EUR;2010-12-30;5,740007102
EUR;2018-04-11;2,2131778
EUR;2011-12-12;6,139320731
EUR;2019-01-29;6,627469003
EUR;2011-11-17;7,604584992
EUR;2019-02-18;3,883333266
EUR;2018-08-02;7,777775705
EUR;2018-08-27;7,8740592
EUR;2018-01-05;2,190198302
EUR;2015-01-15;6,878473163
EUR;2017-08-03;1,530441463
EUR;2016-06-28;6,793051481
EUR;2012-07-23;4,38105619
EUR;2015-12-18;1,949673355
EUR;2019-01-07;6,149400651
EUR;2015-06-09;6,017592728
EUR;2014-07-08;7,638918221
EUR;2013-06-19;1,366857946
EUR;2011-10-31;1,116793394
EUR;2016-02-25;1,24802804
EUR;2013-01-24;7,406592309
EUR;2019-06-25;2,808319092
EUR;2011-07-15;3,713403225
EUR;2019-01-17;1,356704175
EUR;2019-02-11;3,152318954
EUR;2012-11-01;6,355708778
EUR;2013-04-05;4,723570704
EUR;2019-12-19;6,099476278
EUR;2017-04-07;3,981216848
EUR;2014-08-15;6,424916804
EUR;2011-10-27;3,32012403
EUR;2017-07-20;5,821303189
EUR;2018-10-09;4,631048143
EUR;2019-06-20;7,470140994
EUR;2013-02-13;1,719265044
EUR;2018-07-19;1,074513972
EUR;2019-12-26;1,69889617
EUR;2016-04-26;4,42506212
EUR;2019-11-26;6,294355989
EUR;2014-09-24;7,534733593
EUR;2015-01-28;6,025571048
EUR;2016-01-11;1,119620979
EUR;2014-12-19;2,991237581
EUR;2019-03-28;3,898385346
EUR;2012-02-29;2,728289306
EUR;2012-07-31;1,612801075
EUR;2017-08-24;5,238345504
EUR;2011-09-14;1,070938289
EUR;2011-09-07;1,858646989
EUR;2013-11-13;2,923144817
EUR;2015-03-31;2,246617734
EUR;2012-02-07;5,338676155
EUR;2019-05-20;6,698954701
EUR;2010-12-17;2,582817435
EUR;2018-09-03;5,419887125
EUR;2011-12-02;2,109803438
EUR;2018-06-18;4,477602124
EUR;2013-07-22;4,93165791
EUR;2018-07-10;4,965523839
EUR;2012-02-17;6,417889774
EUR;2011-08-04;3,516405225
EUR;2013-04-23;7,123403668
EUR;2013-04-10;4,840167582
EUR;2014-10-22;2,867445529
EUR;2013-11-28;1,738857448
EUR;2017-08-02;1,682476401
EUR;2015-12-21;6,034819841
EUR;2013-10-16;2,76275897
EUR;2018-03-28;1,066995859
EUR;2016-09-13;5,68228215
EUR;2018-03-12;3,371235847
EUR;2011-08-26;1,960381627
EUR;2014-06-02;1,132042825
EUR;2014-02-25;7,090183616
EUR;2013-07-17;3,819879711
EUR;2016-12-16;7,169640958
EUR;2017-09-25;7,201954365
EUR;2013-04-03;4,725949764
EUR;2016-11-08;6,370952785
EUR;2017-06-08;5,046726882
EUR;2010-12-13;7,61613524
EUR;2014-05-02;5,466348052
EUR;2011-11-07;5,086112797
EUR;2016-11-24;5,248548925
EUR;2014-02-07;1,066849828
EUR;2014-02-03;2,429028869
EUR;2017-10-30;2,351841271
EUR;2017-10-10;1,76376456
EUR;2016-11-30;3,183570087
EUR;2016-01-27;3,802217424
EUR;2015-07-08;5,034410596
EUR;2017-12-13;1,144937813
EUR;2018-11-26;3,151749432
EUR;2014-03-14;3,714762151
EUR;2014-08-21;1,600715935
EUR;2014-03-07;3,67894733
EUR;2017-06-14;7,25492996
EUR;2019-04-23;7,738193691
EUR;2015-07-02;4,372831702
EUR;2017-04-24;5,097210765
EUR;2019-06-11;1,302415967
EUR;2011-01-18;2,419221401
EUR;2015-08-14;6,403496087
EUR;2010-12-07;3,091023326
EUR;2011-01-14;2,929736257
EUR;2012-09-20;6,296028674
EUR;2018-02-02;1,454795957
EUR;2014-08-13;1,51667279
EUR;2019-10-17;1,778847098
EUR;2019-12-10;2,086563587
EUR;2012-03-09;2,000614524
EUR;2016-04-19;3,214120269
EUR;2019-11-19;3,83587724
EUR;2017-12-05;4,529598892
EUR;2013-03-14;2,51160419
EUR;2015-07-16;3,98287034
EUR;2017-08-28;3,109302282
EUR;2017-09-28;6,796733558
EUR;2019-09-06;4,370801032
EUR;2013-09-09;5,504106343
EUR;2018-05-28;1,621219575
EUR;2018-11-29;3,886092424
EUR;2019-04-15;6,39113766
EUR;2016-02-18;5,845715463
EUR;2012-05-17;7,341088474
EUR;2018-03-15;6,200254619
EUR;2013-02-01;6,652338564
EUR;2014-10-17;1,76730144
EUR;2011-05-05;6,120534003
EUR;2018-12-18;4,281635106
EUR;2011-12-13;7,656002223
EUR;2013-01-22;1,324776709
EUR;2013-01-25;2,787353992
EUR;2013-10-18;5,56315434
EUR;2013-10-29;1,614225924
EUR;2018-10-10;3,62863493
EUR;2012-01-09;3,110995412
EUR;2012-11-07;2,294182241
EUR;2017-12-01;7,826996624
EUR;2012-06-29;4,922904372
EUR;2018-04-17;7,843655467
EUR;2012-12-17;1,634385765
EUR;2012-01-06;1,150640547
EUR;2018-02-22;2,259563208
EUR;2015-04-14;1,434173405
EUR;2019-11-13;6,063116133
EUR;2013-07-08;2,324774981
EUR;2011-04-05;3,770410955
EUR;2013-03-18;6,807888269
EUR;2019-06-04;7,084459603
EUR;2019-06-21;3,672513604
EUR;2017-11-06;2,385311246
EUR;2011-07-04;3,062811315
EUR;2015-06-19;4,46238023
EUR;2013-05-27;3,4567343
EUR;2015-12-04;2,707557023
EUR;2014-07-11;4,764273405
EUR;2011-10-10;1,438043654
EUR;2012-04-23;3,060201943
EUR;2013-06-25;2,235350788
EUR;2013-06-13;1,879464805
EUR;2019-09-27;6,444078207
EUR;2014-04-25;6,602163851
EUR;2019-05-01;6,797460377
EUR;2018-08-29;2,322180629
EUR;2014-12-23;5,008988202
EUR;2015-11-02;6,572321713
EUR;2015-03-16;4,596278906
EUR;2015-02-11;3,910413325
EUR;2018-11-12;7,380720556
EUR;2014-03-18;3,638873398
EUR;2013-11-04;2,92303592
EUR;2015-09-08;7,080417037
EUR;2019-04-17;7,797786176
EUR;2017-06-09;6,751471758
EUR;2019-01-23;7,401176631
EUR;2017-12-06;4,63879323
EUR;2011-07-26;1,473649442
EUR;2017-05-17;3,949472129
EUR;2011-03-18;2,851005733
EUR;2013-09-30;5,760365963
EUR;2016-09-08;2,587956905
EUR;2014-07-07;3,830765724
EUR;2018-05-31;5,743967891
EUR;2012-05-02;1,514294147
EUR;2012-01-17;1,389373064
EUR;2016-08-01;5,322560549
EUR;2011-02-24;2,684079349
EUR;2019-05-06;7,614982843
EUR;2019-03-26;6,851669729
EUR;2019-02-27;2,088053942
EUR;2012-02-03;3,05426389
EUR;2016-10-03;6,216712773
EUR;2011-04-21;6,954674423
EUR;2013-11-21;7,978760362
EUR;2018-11-13;5,083230972
EUR;2012-08-24;6,547203898
EUR;2015-11-06;3,689927638
EUR;2015-11-09;4,24655211
EUR;2016-07-04;7,837349415
EUR;2014-11-18;1,103587151
EUR;2017-05-08;4,964211226
EUR;2014-07-01;1,736136675
EUR;2011-07-07;3,847846389
EUR;2018-07-31;6,916800559
EUR;2012-06-15;7,24677515
EUR;2015-01-06;2,396669567
EUR;2017-01-04;5,489073038
EUR;2012-12-11;4,897416055
EUR;2018-07-04;2,009953856
EUR;2011-10-21;3,615496278
EUR;2019-02-15;1,407741308
EUR;2018-10-17;6,923219264
EUR;2015-05-04;6,240323961
EUR;2016-02-05;5,437740922
EUR;2016-06-24;4,880506873
EUR;2016-07-29;6,202067077
EUR;2018-08-23;4,392600179
EUR;2019-03-25;1,614869714
EUR;2018-09-24;2,4030478
EUR;2013-05-29;2,958102226
EUR;2012-02-22;7,895737767
EUR;2019-12-04;7,51333499
EUR;2016-11-09;1,497055769
EUR;2019-03-06;4,564428627
EUR;2018-05-04;3,085839212
EUR;2019-07-19;1,412670493
EUR;2014-11-19;7,220844567
EUR;2017-11-20;4,836175919
EUR;2017-01-26;7,454999208
EUR;2011-09-13;1,616894126
EUR;2010-12-14;7,065646589
EUR;2019-12-02;5,604635596
EUR;2018-01-15;4,182479382
EUR;2011-12-01;6,042517364
EUR;2016-08-18;6,250825703
EUR;2018-08-08;6,459142387
EUR;2015-03-17;4,380220473
EUR;2015-01-08;7,379067481
EUR;2017-08-11;7,885148823
EUR;2012-04-10;1,317273617
EUR;2019-06-14;2,043132603
EUR;2012-07-04;6,940092146
EUR;2017-11-10;4,641933322
EUR;2018-08-17;6,450122237
EUR;2011-01-25;3,05094105
EUR;2016-02-16;3,457335532
EUR;2018-04-24;6,902598798
EUR;2014-04-22;2,092809558
EUR;2012-11-21;7,295328915
EUR;2012-06-20;4,697900474
EUR;2014-06-11;7,212127328
EUR;2014-06-12;5,495443761
EUR;2014-09-19;7,058188558
EUR;2012-05-28;2,193112254
EUR;2018-12-10;7,679567516
EUR;2019-11-11;1,656485736
EUR;2011-05-24;2,008752227
EUR;2017-05-15;7,630376637
EUR;2018-04-09;7,523568869
EUR;2017-10-19;3,230198741
EUR;2013-06-26;2,781791449
EUR;2012-06-12;2,503001273
EUR;2015-07-21;7,105801046
EUR;2012-07-26;3,817063391
EUR;2015-01-21;1,559728265
EUR;2015-12-28;5,566721261
EUR;2018-01-30;6,887092769
EUR;2012-10-03;2,922232747
EUR;2014-01-10;1,027334571
EUR;2016-08-30;6,926585495
EUR;2019-02-19;2,377761006
EUR;2014-03-06;5,487283528
EUR;2013-03-21;5,082270086
EUR;2016-01-13;1,744028628
EUR;2012-04-06;2,995665669
EUR;2014-07-23;5,849828959
EUR;2015-10-22;5,86897409
EUR;2017-08-30;2,051184773
EUR;2011-04-29;6,282812417
EUR;2016-05-25;4,780311823
EUR;2017-05-31;4,213514388
EUR;2019-10-07;4,566838145
EUR;2017-11-13;5,97189492
EUR;2012-01-23;3,524163246
EUR;2011-04-07;1,733462632
EUR;2011-08-31;6,228255093
EUR;2019-05-07;3,578503191
EUR;2013-04-19;4,552439451
EUR;2013-07-10;2,735556245
EUR;2019-08-20;4,337422848
EUR;2019-11-08;1,433104873
EUR;2015-06-23;1,701176345
EUR;2011-01-31;7,160242379
EUR;2016-02-12;7,062050045
EUR;2010-12-27;7,70846796
EUR;2016-08-03;7,758595109
EUR;2015-06-17;7,682239473
EUR;2013-09-04;4,785125852
EUR;2011-11-08;4,677381396
EUR;2015-11-03;7,581059337
EUR;2012-05-04;1,699529529
EUR;2013-01-15;7,961647987
EUR;2013-08-21;6,336522341
EUR;2011-08-29;5,080270708
EUR;2015-01-30;6,91222769
EUR;2013-01-16;5,144708931
EUR;2011-07-11;6,946372747
EUR;2017-12-25;4,02817136
EUR;2019-07-08;6,560652554
EUR;2011-12-29;6,644682348
EUR;2012-09-19;7,994297266
EUR;2011-09-30;1,104235113
EUR;2019-05-16;3,413047552
EUR;2015-08-21;3,930847287
EUR;2016-01-22;2,098371267
EUR;2016-02-19;3,600843906
EUR;2016-09-12;1,559759974
EUR;2015-01-02;3,566675484
EUR;2016-06-10;1,424752712
EUR;2019-05-03;3,890725791
EUR;2018-05-15;5,571929574
EUR;2015-11-13;6,584083915
EUR;2012-05-07;4,558871925
EUR;2012-04-13;7,014168441
EUR;2016-10-14;6,164735198
EUR;2011-06-02;2,994723141
EUR;2018-12-13;4,243524671
EUR;2017-08-22;4,531736374
EUR;2014-09-29;6,979113817
EUR;2018-08-30;3,613770187
EUR;2018-02-20;4,791499496
EUR;2018-02-19;1,877337754
EUR;2019-01-14;4,226941347
EUR;2012-06-14;6,061394632
EUR;2011-04-13;6,62710768
EUR;2015-09-28;6,250180244
EUR;2011-02-11;4,013788104
EUR;2014-06-18;1,088301837
EUR;2015-02-06;7,944565654
EUR;2011-05-12;5,385702014
EUR;2016-09-05;7,926309645
EUR;2018-01-29;6,331821799
EUR;2011-05-13;7,390979469
EUR;2014-12-11;6,292472184
EUR;2019-07-11;3,980473757
EUR;2012-08-28;1,934926271
EUR;2015-05-14;3,123286664
EUR;2011-05-06;7,294088483
EUR;2017-10-23;7,136567354
EUR;2013-08-02;1,118160665
EUR;2013-03-06;7,468487501
EUR;2013-04-16;1,696966469
EUR;2015-04-17;5,109277964
EUR;2012-12-26;1,618636489
EUR;2017-07-11;7,975911498
EUR;2017-07-19;7,20177412
EUR;2017-01-06;4,485723138
EUR;2013-03-26;6,006053329
EUR;2013-08-16;5,655104458
EUR;2015-12-23;7,360334992
EUR;2014-09-18;1,502878249
EUR;2014-07-31;6,405034423
EUR;2014-02-11;4,164962292
EUR;2012-10-31;3,452146411
EUR;2014-10-20;4,62899369
EUR;2017-06-16;5,92811805
EUR;2019-06-06;3,541101635
EUR;2014-09-12;6,166728318
EUR;2012-01-04;2,082877338
EUR;2013-09-13;2,176201403
EUR;2013-01-09;7,855422258
EUR;2014-07-02;3,448440135
EUR;2019-04-12;4,688180208
EUR;2012-09-06;1,311584651
EUR;2014-09-10;6,025148809
EUR;2017-02-16;4,17898339
EUR;2014-06-06;5,295404136
EUR;2013-05-30;4,55573684
EUR;2019-04-08;5,326137066
EUR;2012-09-04;4,573280632
EUR;2018-01-25;4,91603756
EUR;2019-10-15;2,933588982
EUR;2013-03-20;2,49177897
EUR;2011-12-14;2,782532454
EUR;2014-04-18;6,759380817
EUR;2011-08-08;3,17385149
EUR;2016-11-18;5,235643089
EUR;2011-09-29;6,388103127
EUR;2011-12-07;7,578021467
EUR;2015-01-19;4,629240274
EUR;2013-11-27;3,517952323
EUR;2018-10-08;7,478612065
EUR;2019-10-11;6,844635606
EUR;2012-05-16;6,406075835
EUR;2013-02-25;7,132489741
EUR;2013-11-08;6,568481505
EUR;2016-10-10;3,098001122
EUR;2014-03-24;4,777879775
EUR;2015-08-10;1,423253596
EUR;2011-12-09;7,824222863
EUR;2013-03-28;2,471797705
EUR;2014-10-30;7,597489536
EUR;2011-02-22;4,277646363
EUR;2013-05-22;7,751875579
EUR;2011-09-12;5,348625481
EUR;2014-01-13;7,911882579
EUR;2017-05-30;1,015128851
EUR;2018-05-29;2,937417507
EUR;2013-05-10;7,492867649
EUR;2015-10-23;7,585206211
EUR;2011-10-05;6,827060103
EUR;2017-07-10;5,441518128
EUR;2010-12-20;7,716137111
EUR;2016-09-23;3,918386638
EUR;2016-05-17;5,131488919
EUR;2017-04-27;1,683526576
EUR;2013-03-19;3,347443163
EUR;2018-06-01;2,071064651
EUR;2014-02-10;3,659303606
EUR;2016-09-09;3,707676709
EUR;2016-03-21;6,337131083
EUR;2015-09-07;2,116969407
EUR;2013-12-23;7,113692999
EUR;2016-02-26;1,980148852
EUR;2015-07-13;1,466777623
EUR;2014-05-27;6,343555629
EUR;2017-06-22;5,49966532
EUR;2019-05-22;1,014062405
EUR;2017-02-13;7,194090366
EUR;2017-11-07;2,417786539
EUR;2011-02-02;5,863771617
EUR;2017-03-06;7,773109376
EUR;2015-02-09;7,350130737
EUR;2014-05-13;6,154528439
EUR;2018-03-14;2,627825141
EUR;2019-10-02;1,011098802
EUR;2015-02-19;7,751091182
EUR;2013-01-17;4,0743469
EUR;2019-03-12;3,431447089
EUR;2019-09-23;5,665981293
EUR;2014-03-17;5,827199936
EUR;2016-09-19;4,156781614
EUR;2014-04-23;3,597781837
EUR;2019-08-15;6,13176924
EUR;2016-05-03;2,50292325
EUR;2015-05-18;7,872234643
EUR;2018-03-27;6,488101661
EUR;2014-03-25;3,95974648
EUR;2011-02-23;5,287839293
EUR;2011-06-07;5,131661654
EUR;2019-10-25;2,39534235
EUR;2014-03-12;2,782303393
EUR;2019-02-12;4,335391343
EUR;2012-07-30;3,477797449
EUR;2015-03-24;6,032866359
EUR;2012-03-07;2,052847862
EUR;2013-02-28;1,746191978
EUR;2016-06-16;7,449485064
EUR;2017-05-03;4,626232445
EUR;2019-02-07;4,023669839
EUR;2012-06-13;3,011921048
EUR;2018-10-24;7,847343802
EUR;2016-02-08;5,862548292
EUR;2013-01-02;5,938167512
EUR;2016-11-22;3,760883868
EUR;2018-12-03;5,303038239
EUR;2019-11-15;7,600475252
EUR;2011-08-30;1,597373486
EUR;2019-07-04;2,589425981
EUR;2011-05-25;2,923684299
EUR;2014-11-05;7,954595506
EUR;2018-04-20;7,482644618
EUR;2014-06-27;7,828501582
EUR;2013-12-24;5,222509444
EUR;2015-07-07;2,398499548
EUR;2019-05-09;5,903997838
EUR;2013-12-26;5,722515047
EUR;2014-12-18;1,686022878
EUR;2018-07-12;6,549903393
EUR;2016-04-20;3,354455173
EUR;2016-08-11;6,213185072
EUR;2012-02-20;4,247846365
EUR;2011-02-28;3,963802397
EUR;2015-12-30;6,615831554
EUR;2013-02-15;6,814409196
EUR;2012-09-07;1,44469142
EUR;2011-08-25;6,424152434
EUR;2018-04-16;1,39885217
EUR;2013-05-16;2,323972642
EUR;2013-08-20;1,525538146
EUR;2010-12-03;2,06235075
EUR;2018-04-06;7,267388523
EUR;2019-12-25;1,725873172
EUR;2018-06-21;2,609981358
EUR;2015-10-19;5,287361562
EUR;2017-02-20;1,743134081
EUR;2016-03-30;3,302637815
EUR;2011-07-28;5,084093392
EUR;2016-12-29;3,105652332
EUR;2013-12-12;6,632084429
EUR;2019-08-30;3,984494209
EUR;2019-11-05;6,423368871
EUR;2018-12-04;1,987359464
EUR;2018-09-17;3,66634649
EUR;2012-08-27;7,768778503
EUR;2016-04-08;6,574191749
EUR;2017-05-12;2,9278512
EUR;2014-01-21;7,60806638
EUR;2017-11-21;1,1158517
EUR;2016-06-27;1,875803173
EUR;2019-06-07;4,312781096
EUR;2019-05-14;3,260810256
EUR;2017-07-31;5,821318626
EUR;2012-03-22;3,970380485
EUR;2019-11-18;6,382462978
EUR;2010-12-28;1,765088856
EUR;2017-04-18;2,81121552
EUR;2016-12-08;3,861618817
EUR;2015-07-10;7,21089983
EUR;2012-10-19;5,495767951
EUR;2017-10-26;3,324145734
EUR;2017-08-09;2,941670358
EUR;2013-07-15;4,927934945
EUR;2015-04-27;7,12929666
EUR;2014-01-17;4,627463281
EUR;2012-12-24;1,30402565
EUR;2014-07-25;1,498151422
EUR;2017-06-29;5,784135699
EUR;2018-02-05;6,549176157
EUR;2018-09-07;3,810499489
EUR;2013-02-06;4,16242218
EUR;2015-11-11;3,175837517
EUR;2011-03-15;6,406378746
EUR;2017-07-24;3,896326721
EUR;2017-03-01;1,908260107
EUR;2015-12-09;3,9334867
EUR;2019-12-09;5,124564111
EUR;2011-01-07;4,225882828
EUR;2019-09-20;2,059517324
EUR;2010-12-08;5,69591397
EUR;2012-04-04;3,104869604
EUR;2019-04-02;3,021356344
EUR;2018-04-18;2,758330047
EUR;2012-06-26;5,22264713
EUR;2015-06-12;7,80471015
EUR;2017-12-11;4,086312711
EUR;2019-06-05;7,934782386
EUR;2012-08-17;5,301883757
EUR;2011-08-02;3,197668791
EUR;2016-01-07;5,59936887
EUR;2011-08-10;2,690233111
EUR;2018-09-14;2,073942304
EUR;2013-09-17;3,400469244
EUR;2017-05-04;5,616104484
EUR;2012-06-08;2,526325405
EUR;2012-01-10;3,638194978
EUR;2011-07-22;2,525695384
EUR;2013-09-05;7,440998971
EUR;2015-05-05;2,574244976
EUR;2013-01-04;6,593857586
EUR;2015-07-17;1,035387576
EUR;2018-08-22;7,787241042
EUR;2011-06-14;1,676739037
EUR;2013-07-01;6,144794405
EUR;2012-07-10;6,839684308
EUR;2019-01-10;4,164719462
EUR;2012-04-26;7,229456663
EUR;2017-04-11;2,126809418
EUR;2013-01-23;3,388391614
EUR;2015-08-31;5,989124537
EUR;2017-02-28;7,658038318
EUR;2015-11-04;6,772680938
EUR;2016-08-15;4,761520505
EUR;2015-01-27;1,986508727
EUR;2011-10-11;5,612067342
EUR;2019-12-05;5,178856909
EUR;2015-09-22;4,011569262
EUR;2017-07-28;2,502204359
EUR;2016-12-09;1,6721524
EUR;2015-05-01;6,522915959
EUR;2016-09-30;5,89191103
EUR;2015-11-26;3,733766258
EUR;2015-01-23;5,996376038
EUR;2011-03-04;4,471152127
EUR;2016-12-14;5,552680552
EUR;2014-06-13;4,340623856
EUR;2014-01-08;2,446007729
EUR;2016-08-12;7,944541037
EUR;2018-02-08;1,567069888
EUR;2014-02-24;6,021591485
EUR;2019-04-22;4,635361075
EUR;2014-09-23;6,48935461
EUR;2019-05-27;5,32977742
EUR;2013-12-18;4,736762345
EUR;2019-11-21;4,047024429
EUR;2013-12-02;1,868914664
EUR;2011-09-02;6,246393859
EUR;2011-04-04;4,022815347
EUR;2016-11-04;2,11546737
EUR;2013-05-28;3,192286909
EUR;2016-07-20;4,851171255
EUR;2019-10-16;1,402714074
EUR;2015-07-28;7,79479003
EUR;2011-06-20;6,270777762
EUR;2017-05-16;2,964511752
EUR;2012-10-23;6,041338682
EUR;2017-06-28;1,536205113
EUR;2018-05-07;3,70469141
EUR;2011-12-08;5,168086052
EUR;2015-05-20;5,353733242
EUR;2014-09-11;6,606977463
EUR;2017-05-26;3,626319289
EUR;2014-02-26;4,17450732
EUR;2018-01-02;5,252460897
EUR;2013-03-27;5,574359119
EUR;2015-11-12;3,738468468
EUR;2011-06-17;6,506783247
EUR;2014-04-30;3,849170685
EUR;2017-05-10;4,841068387
EUR;2013-07-12;3,822968483
EUR;2018-11-05;4,688182712
EUR;2014-04-11;2,12048167
EUR;2015-07-20;6,789273858
EUR;2016-07-11;7,73001343
EUR;2012-09-11;6,470077634
EUR;2014-02-19;2,334011674
EUR;2016-03-03;2,539355576
EUR;2014-01-15;6,047234595
EUR;2019-04-10;1,511975169
EUR;2016-12-05;2,595416188
EUR;2013-09-27;3,387268007
EUR;2011-10-17;1,786520839
EUR;2017-02-06;2,107383907
EUR;2014-02-20;4,454986036
EUR;2013-10-25;2,375163734
EUR;2016-12-06;3,981807649
EUR;2017-07-17;3,020592809
EUR;2018-09-27;3,139915884
EUR;2011-11-15;3,265205801
EUR;2013-08-28;5,657310784
EUR;2018-12-07;7,120397925
EUR;2015-09-30;6,553949714
EUR;2011-12-20;4,93062067
EUR;2017-09-07;4,96710515
EUR;2018-02-06;4,334211826
EUR;2012-08-21;5,698602617
EUR;2013-12-04;2,432740152
EUR;2018-06-06;6,43433249
EUR;2011-10-06;4,697276294
EUR;2015-04-15;6,172262073
EUR;2014-10-16;3,686347783
EUR;2015-03-20;6,183927059
EUR;2014-01-07;1,3258757
EUR;2018-06-29;5,970074117
EUR;2017-10-16;5,735372484
EUR;2019-08-02;5,138477564
EUR;2013-08-05;6,60333252
EUR;2015-12-15;2,263383389
EUR;2011-03-17;1,588642478
EUR;2017-05-22;2,974166512
EUR;2014-09-15;3,134265304
EUR;2016-07-28;2,548607707
EUR;2016-09-28;2,354002118
EUR;2018-08-07;3,340194583
EUR;2015-10-08;5,128742695
EUR;2011-07-05;7,372896194
EUR;2011-03-08;4,323092163
EUR;2019-10-09;3,853821993
EUR;2014-12-10;7,376260757
EUR;2015-06-26;7,999441743
EUR;2019-01-09;4,366049588
EUR;2013-04-25;7,363399982
EUR;2017-03-02;7,413026869
EUR;2017-11-08;6,74791193
EUR;2012-12-18;2,516815424
EUR;2018-04-02;4,924255788
EUR;2015-11-17;4,160401106
EUR;2013-08-23;6,603001237
EUR;2013-08-15;1,27800703
EUR;2012-10-25;5,976621747
EUR;2018-05-08;4,534231007
EUR;2014-06-24;4,671329439
EUR;2018-11-08;7,060291827
EUR;2016-08-08;6,065651238
EUR;2012-12-25;5,040427506
EUR;2014-03-04;2,07975477
EUR;2016-06-15;7,256764114
EUR;2013-05-07;7,443912506
EUR;2014-11-03;4,817306578
EUR;2017-01-10;3,017829895
EUR;2017-03-28;7,315508783
EUR;2011-11-11;6,435911715
EUR;2015-04-24;7,79273349
EUR;2011-10-28;5,162420452
EUR;2014-01-31;6,360791504
EUR;2014-05-09;5,539960802
EUR;2018-12-27;2,226783752
EUR;2016-03-10;3,611327291
EUR;2016-08-25;2,779262185
EUR;2013-04-11;6,797785401
EUR;2011-02-07;5,145013928
EUR;2011-09-15;5,994755507
EUR;2011-08-19;6,962727845
EUR;2017-02-07;2,830731153
EUR;2011-05-11;7,967193425
EUR;2012-12-03;5,763721764
EUR;2013-10-15;2,061681926
EUR;2018-03-29;5,490042269
EUR;2015-06-16;6,84891808
EUR;2015-06-18;4,988732815
EUR;2018-10-31;1,374985635
EUR;2018-09-05;5,48231262
EUR;2018-05-10;4,30291146
EUR;2014-05-28;4,149559736
EUR;2015-04-06;2,538862407
EUR;2017-04-21;1,548708737
EUR;2019-08-22;3,086203456
EUR;2013-06-11;3,608709157
EUR;2014-08-25;2,996002376
EUR;2015-12-29;6,198934913
EUR;2011-05-23;6,437081635
EUR;2018-10-25;6,79755801
EUR;2014-10-28;3,371323884
EUR;2017-03-27;2,844534039
EUR;2016-06-03;6,997328937
EUR;2019-02-26;6,993126571
EUR;2019-02-20;4,443366945
EUR;2016-01-28;6,579970837
EUR;2014-05-29;5,795573294
EUR;2016-11-02;3,905520856
EUR;2019-11-28;5,336541176
EUR;2014-08-26;2,735188246
EUR;2017-12-29;1,352030337
EUR;2013-11-15;3,619419932
EUR;2016-09-27;5,269833624
EUR;2012-12-05;3,330242336
EUR;2011-11-01;6,622387946
EUR;2011-02-01;7,433996558
EUR;2015-06-08;4,423616409
EUR;2013-04-18;4,436475933
EUR;2015-05-19;5,284347892
EUR;2013-12-20;1,320029438
EUR;2014-05-14;5,389126658
EUR;2011-03-21;2,568615675
EUR;2013-05-15;1,922116399
EUR;2012-03-27;3,421359658
EUR;2018-07-16;2,080559611
EUR;2014-04-09;2,193105996
EUR;2016-04-25;6,58112824
EUR;2015-08-27;4,158477664
EUR;2013-09-11;4,992726982
EUR;2019-09-24;5,503388703
EUR;2013-07-05;2,293125808
EUR;2012-07-06;5,10263437
EUR;2017-09-22;2,644694269
EUR;2013-10-17;3,653241217
EUR;2015-05-11;4,034920931
EUR;2015-11-24;2,198423207
EUR;2018-07-20;2,221699357
EUR;2015-08-19;1,575749159
EUR;2012-10-04;6,474014223
EUR;2012-12-10;6,626476407
EUR;2012-08-30;7,894886613
EUR;2016-07-07;3,230910957
EUR;2012-04-20;4,4728899
EUR;2019-01-11;5,127169311
EUR;2019-07-12;3,510350764
EUR;2015-03-05;2,326538622
EUR;2012-02-15;3,112653077
EUR;2017-09-21;7,628034711
EUR;2017-07-18;6,055887163
EUR;2011-07-29;2,560881019
EUR;2011-02-14;4,479377449
EUR;2011-09-09;1,098753929
EUR;2016-01-06;2,205765247
EUR;2011-09-27;1,589771509
EUR;2013-11-06;3,344147861
EUR;2014-09-22;4,784896791
EUR;2012-04-17;2,226596415
EUR;2012-08-06;2,474371195
EUR;2018-08-13;4,638850808
EUR;2016-09-26;6,708269835
EUR;2016-07-14;3,994888306
EUR;2017-10-17;2,393786907
EUR;2012-03-30;5,175891221
EUR;2017-06-30;6,879272163
EUR;2013-04-09;6,112071276
EUR;2013-12-25;5,989138722
EUR;2017-04-25;3,888289154
EUR;2014-11-27;4,452439249
EUR;2014-04-16;1,295873761
EUR;2018-06-27;7,447390139
EUR;2017-04-17;4,855384886
EUR;2015-05-15;6,008852959
EUR;2016-11-17;2,517558932
EUR;2017-11-09;6,287381947
EUR;2018-02-09;4,723828971
EUR;2011-11-18;4,904679656
EUR;2012-09-26;5,84437114
EUR;2012-12-14;1,238811374
EUR;2016-03-18;4,264125109
EUR;2019-11-20;1,640002131
EUR;2012-05-31;2,328561366
EUR;2017-03-15;2,341181397
EUR;2018-01-09;7,804883718
EUR;2019-03-07;7,045656562
EUR;2015-08-13;2,059630394
EUR;2017-07-27;5,154209733
EUR;2018-08-20;3,093714893
EUR;2015-08-18;4,439773738
EUR;2018-11-06;5,942521751
EUR;2013-08-07;4,058492064
EUR;2014-01-27;2,573526919
EUR;2015-12-08;4,494681537
EUR;2018-02-16;5,393545151
EUR;2016-10-11;1,253838003
EUR;2019-08-09;4,511683762
EUR;2014-07-17;7,131325245
EUR;2020-01-01;3,972487926
EUR;2014-01-03;3,809623301
EUR;2016-07-01;3,298781335
EUR;2013-02-22;6,473614931
EUR;2011-06-22;1,252633035
EUR;2014-12-22;2,600800991
EUR;2011-01-28;3,133553505
EUR;2013-07-16;7,62310636
EUR;2011-01-10;6,468520522
EUR;2018-05-22;2,843856037
EUR;2015-12-25;3,555352211
EUR;2017-09-19;5,617190123
EUR;2013-11-18;4,438849151
EUR;2015-03-12;4,054606795
EUR;2011-01-20;1,627077937
EUR;2017-10-02;7,283354342
EUR;2014-10-09;5,281054258
EUR;2013-05-21;1,330181956
EUR;2012-01-18;5,527793467
EUR;2015-07-14;1,39866817
EUR;2011-11-09;2,570628822
EUR;2017-12-18;6,906431913
EUR;2017-06-21;2,502753019
EUR;2011-03-28;6,435876667
EUR;2011-04-01;4,805847704
EUR;2016-09-06;2,881644368
EUR;2017-02-22;5,518488348
EUR;2018-01-01;5,456533074
EUR;2016-05-05;1,358421922
EUR;2012-03-08;3,853531182
EUR;2014-06-30;2,379963577
EUR;2015-04-29;6,811456442
EUR;2010-12-21;6,43025279
EUR;2019-06-28;7,829671085
EUR;2012-10-08;4,799290478
EUR;2019-03-01;5,144129395
EUR;2015-10-16;3,467034936
EUR;2019-07-26;3,098256052
EUR;2012-01-13;4,496569514
EUR;2017-10-06;1,872437775
EUR;2014-10-31;2,431703329
EUR;2015-04-13;6,702236652
EUR;2011-12-05;3,24345547
EUR;2014-10-23;3,507943749
EUR;2018-06-19;5,615523279
EUR;2011-07-06;7,232253373
EUR;2018-06-26;5,163244486
EUR;2017-01-17;5,542690337
EUR;2017-03-31;1,096792102
EUR;2016-04-11;1,464975595
EUR;2011-03-29;7,942542911
EUR;2015-09-24;1,127642274
EUR;2016-10-26;6,444691539
EUR;2015-06-05;3,608404577
EUR;2019-10-01;1,138386846
EUR;2014-07-14;6,261979163
EUR;2013-02-20;7,86573875
EUR;2013-03-07;5,983321249
EUR;2016-06-14;3,942484736
EUR;2011-07-19;1,571589351
EUR;2016-05-19;2,69788599
EUR;2015-02-26;7,554472446
EUR;2016-11-21;4,400543451
EUR;2012-11-15;4,929031432
EUR;2014-12-08;1,169211984
EUR;2013-09-03;5,056464255
EUR;2018-03-06;7,516535997
EUR;2017-09-29;7,305162668
EUR;2011-09-26;3,24678582
EUR;2018-01-31;5,663479567
EUR;2013-02-18;3,777770519
EUR;2019-02-06;1,59722954
EUR;2011-11-23;6,898956358
EUR;2019-05-31;3,057023466
EUR;2013-06-14;1,617515802
EUR;2019-04-11;7,862745941
EUR;2013-10-02;2,330191493
EUR;2018-06-15;5,464310706
EUR;2019-05-24;7,027521968
EUR;2014-06-03;3,87858057
EUR;2014-07-03;5,531561494
EUR;2018-07-26;4,336635947
EUR;2016-01-25;7,922771513
EUR;2018-05-21;6,232627273
EUR;2014-08-06;2,217049718
EUR;2013-06-10;5,28924036
EUR;2012-07-18;6,976258695
EUR;2011-07-27;1,947999001
EUR;2012-10-10;7,631806076
EUR;2014-04-21;2,02836591
EUR;2013-11-11;2,757863164
EUR;2017-09-12;7,827359617
EUR;2014-01-16;3,767892957
EUR;2015-04-30;7,92023474
EUR;2016-03-09;7,591936171
EUR;2015-11-23;6,28798151
EUR;2017-12-26;2,956674457
EUR;2012-02-27;5,825201809
EUR;2014-08-05;6,885471404
EUR;2018-09-26;1,375558496
EUR;2018-11-21;2,192309499
EUR;2014-04-03;7,563113749
EUR;2015-10-07;7,054514825
EUR;2012-04-03;6,639376819
EUR;2011-07-14;1,544849336
EUR;2015-05-21;3,290901899
EUR;2011-08-09;2,640422642
EUR;2019-03-13;5,736349225
EUR;2011-11-22;6,586778402
EUR;2018-08-03;6,609350681
EUR;2011-09-23;6,489105105
EUR;2012-03-05;4,917782426
EUR;2018-10-12;4,937580943
EUR;2018-12-05;7,570931435
EUR;2015-08-17;7,63978231
EUR;2018-05-25;7,228633046
EUR;2015-03-19;1,040351808
EUR;2011-05-10;3,212063313
EUR;2017-03-10;2,827263534
EUR;2014-09-01;6,236364841
EUR;2011-04-19;6,316067517
EUR;2017-04-26;3,26780057
EUR;2013-01-29;6,102380633
EUR;2016-10-13;2,846024811
EUR;2016-01-21;6,696881473
EUR;2018-03-23;3,807845891
EUR;2011-01-17;5,822597444
EUR;2011-10-20;6,210826457
EUR;2013-04-17;1,866793036
EUR;2011-03-23;7,944770932
EUR;2015-09-29;7,29864341
EUR;2019-12-24;7,102033019
EUR;2013-06-04;3,805092573
EUR;2018-11-20;5,066244185
EUR;2011-03-03;4,644011974
EUR;2016-07-19;6,30792731
EUR;2016-10-04;5,76995647
EUR;2014-02-06;2,511058867
EUR;2018-08-24;6,219161928
EUR;2017-03-13;1,241893053
EUR;2015-01-09;7,3192693
EUR;2017-07-25;4,911656618
EUR;2019-05-10;3,224336624
EUR;2018-12-26;5,183781087
EUR;2012-01-19;3,176313996
EUR;2016-08-22;5,369451225
EUR;2018-06-04;1,350333452
EUR;2011-04-20;2,10177505
EUR;2012-08-03;1,981216133
EUR;2019-05-17;5,988508284
EUR;2019-05-23;6,323891461
EUR;2011-04-11;3,438769519
EUR;2017-11-30;3,229173183
EUR;2019-07-16;3,800391614
EUR;2018-06-11;2,076601326
EUR;2015-04-28;1,999550998
EUR;2012-10-30;1,593482792
EUR;2019-06-12;6,50045675
EUR;2018-01-18;5,081347167
EUR;2017-09-05;6,480032802
EUR;2018-02-14;6,922000527
EUR;2016-01-08;7,649331927
EUR;2013-10-28;7,882372141
EUR;2016-06-01;3,362365067
EUR;2016-12-01;4,038696051
EUR;2012-12-04;4,117699027
EUR;2016-06-30;6,343599439
EUR;2011-03-31;7,998836756
EUR;2013-09-06;4,010305882
EUR;2014-06-05;4,739826083
EUR;2014-01-28;6,604543328
EUR;2017-04-06;3,665437341
EUR;2012-06-27;2,315263748
EUR;2016-03-22;7,447519898
EUR;2014-10-29;6,995087981
EUR;2017-10-03;2,400842309
EUR;2015-04-07;2,589030027
EUR;2011-07-20;6,822575271
EUR;2013-07-26;2,700700641
EUR;2015-10-06;7,251844525
EUR;2012-08-15;7,560185611
EUR;2012-09-17;7,273635745
EUR;2012-03-13;5,620114088
EUR;2012-10-24;3,333127081
EUR;2013-07-25;1,834850132
EUR;2014-07-24;1,450136721
EUR;2016-11-28;7,982016861
EUR;2018-10-15;1,031241119
EUR;2017-10-24;1,069413722
EUR;2013-11-12;5,996419847
EUR;2013-07-23;5,45648092
EUR;2013-01-10;1,114020884
EUR;2019-05-13;6,552932084
EUR;2018-08-21;6,359042883
EUR;2014-01-29;1,370930135
EUR;2019-03-21;4,313318491
EUR;2017-10-12;7,220031798
EUR;2013-06-17;1,664654315
EUR;2019-07-30;6,231920063
EUR;2014-09-03;2,608322024
EUR;2017-04-12;7,720818877
EUR;2019-04-30;5,02840662
EUR;2018-11-30;4,928260386
EUR;2012-11-02;3,268862009
EUR;2014-10-14;5,485987604
EUR;2014-10-24;3,305260122
EUR;2016-08-05;5,41703701
EUR;2018-11-14;3,109061539
EUR;2019-09-26;6,87982291
EUR;2019-10-29;2,656307101
EUR;2018-09-11;7,161398113
EUR;2013-10-07;4,437968791
EUR;2013-09-19;5,075862229
EUR;2012-06-01;1,166588426
EUR;2014-11-26;1,014385343
EUR;2019-01-25;5,415724814
EUR;2018-08-16;1,123942673
EUR;2015-09-04;4,201688766
EUR;2018-09-21;5,988063514
EUR;2011-11-14;1,66192019
EUR;2013-05-20;6,741885006
EUR;2016-04-21;5,918618917
EUR;2019-10-30;5,147523582
EUR;2013-08-29;5,284588218
EUR;2012-08-07;2,607760012
EUR;2018-09-10;6,409006476
EUR;2019-04-29;4,285225809
EUR;2012-11-30;2,099711418
EUR;2015-02-12;7,549938798
EUR;2019-02-21;1,662381649
EUR;2010-12-22;7,758181632
EUR;2017-10-11;1,448503256
EUR;2012-11-13;1,825181186
EUR;2011-11-10;7,952226877
EUR;2015-09-10;7,000446081
EUR;2011-08-03;4,508668005
EUR;2018-02-13;1,615494311
EUR;2011-12-22;2,723811984
EUR;2016-12-12;3,622448623
EUR;2016-02-04;5,963437617
EUR;2012-04-24;5,980211616
EUR;2015-01-26;3,773923218
EUR;2019-02-28;1,818469584
EUR;2017-02-15;1,712226748
EUR;2015-09-09;4,374705493
EUR;2011-01-11;3,065863788
EUR;2016-09-20;6,613446236
EUR;2012-12-06;4,931687117
EUR;2011-11-04;7,544819355
EUR;2018-01-24;4,207610548
EUR;2013-10-22;5,243031025
EUR;2011-06-13;2,094851494
EUR;2012-07-13;5,210288286
EUR;2018-06-25;2,762008369
EUR;2016-07-18;1,36374414
EUR;2016-07-22;4,247536778
EUR;2012-12-07;7,222628653
EUR;2018-07-06;2,354558706
EUR;2017-12-07;1,685782969
EUR;2017-05-25;2,566512406
EUR;2012-10-18;6,521162331
EUR;2018-12-24;4,820093691
EUR;2015-06-02;3,762504816
EUR;2011-09-20;5,096913278
EUR;2015-12-17;2,193285823
EUR;2011-08-24;7,538015127
EUR;2019-09-17;6,797807932
EUR;2013-06-20;1,304506302
EUR;2018-10-01;2,758225739
EUR;2016-05-04;2,993783534
EUR;2019-07-01;2,801564932
EUR;2016-11-15;6,24450922
EUR;2018-03-08;3,906717896
EUR;2018-03-02;2,91087234
EUR;2015-11-16;6,759212673
EUR;2011-08-23;2,459187686
EUR;2016-03-31;2,744542181
EUR;2019-07-02;7,50850302
EUR;2011-09-19;4,326904416
EUR;2013-08-01;2,878903985
EUR;2012-07-27;6,138094068
EUR;2015-05-12;4,413415492
EUR;2016-04-06;6,1993559
EUR;2014-05-01;6,414758027
EUR;2015-10-02;6,596224546
EUR;2013-07-02;6,75731802
EUR;2016-07-06;4,630464435
EUR;2019-02-04;4,503049552
EUR;2016-06-13;7,388695538
EUR;2018-03-05;5,293007553
EUR;2016-10-06;7,504152536
EUR;2014-12-01;1,193006337
EUR;2014-12-15;1,540167987
EUR;2014-03-26;7,900535524
EUR;2017-07-06;3,030941427
EUR;2015-02-27;4,223169148
EUR;2016-06-17;2,277144969
EUR;2012-03-29;5,825277328
EUR;2013-12-13;7,923011422
EUR;2012-12-13;1,260297596
EUR;2015-03-06;6,648242593
EUR;2013-01-28;6,151477635
EUR;2011-05-16;7,655237436
EUR;2018-08-14;5,367617071
EUR;2015-11-10;5,471270978
EUR;2014-09-30;7,215602458
EUR;2018-09-04;6,316439271
EUR;2019-03-14;2,358813226
EUR;2018-07-13;7,011290371
EUR;2016-06-29;2,144394934
EUR;2013-07-09;7,698150218
EUR;2012-11-23;5,623495758
EUR;2018-04-23;2,98558867
EUR;2013-06-05;2,344599783
EUR;2015-07-09;1,866972864
EUR;2016-05-11;1,239288688
EUR;2015-01-20;5,604090273
EUR;2012-06-21;7,490333796
EUR;2018-03-21;6,094973505
EUR;2015-03-09;3,331629217
EUR;2013-04-24;1,041399896
EUR;2011-10-04;1,472255051
EUR;2017-06-06;1,674385846
EUR;2019-07-09;5,729348063
EUR;2019-07-05;6,444907665
EUR;2015-01-13;1,852753162
EUR;2017-10-20;6,044012725
EUR;2017-09-18;7,672704875
EUR;2014-10-01;5,741793275
EUR;2012-09-14;4,307283223
EUR;2015-02-02;2,410218358
EUR;2019-10-08;2,252844512
EUR;2015-10-15;4,230040133
EUR;2014-03-05;5,054975986
EUR;2018-12-19;4,493158221
EUR;2017-05-23;2,787451208
EUR;2011-08-15;3,350634158
EUR;2019-05-08;7,841567636
EUR;2011-04-08;6,644999862
EUR;2013-07-18;5,445196867
EUR;2017-02-10;3,95525831
EUR;2017-01-25;4,269900024
EUR;2015-02-17;6,394684136
EUR;2012-05-09;4,314474642
EUR;2011-05-09;3,810595453
EUR;2016-03-23;4,440633237
EUR;2019-08-13;5,802134693
EUR;2011-01-05;1,477034032
EUR;2018-01-26;4,67021209
EUR;2017-12-19;5,030816138
EUR;2014-08-04;2,535283804
EUR;2016-10-25;5,383402646
EUR;2012-08-22;4,664252758
EUR;2014-06-04;7,075063527
EUR;2013-06-28;1,45514977
EUR;2019-11-01;1,874058306
EUR;2016-08-26;7,22763294
EUR;2012-08-13;6,727422059
EUR;2016-10-20;1,674687505
EUR;2011-12-15;2,185717642
EUR;2012-11-27;1,441011012
EUR;2011-08-17;6,068020284
EUR;2012-12-27;3,834265888
EUR;2014-12-30;5,056517243
EUR;2018-01-16;7,496374905
EUR;2015-02-05;7,043600857
EUR;2012-12-20;7,348685861
EUR;2018-08-15;7,267072678
EUR;2014-08-08;5,438636303
EUR;2014-12-26;6,678145647
EUR;2016-09-22;7,417093635
EUR;2018-07-18;6,797627687
EUR;2017-01-18;7,612580419
EUR;2014-08-29;1,339604318
EUR;2010-12-02;6,028142869
EUR;2016-04-04;6,020419061
EUR;2016-11-16;1,563215077
EUR;2011-09-05;6,830205202
EUR;2015-02-20;7,555859327
EUR;2011-05-17;6,834692538
EUR;2015-11-20;3,956513345
EUR;2016-06-09;1,177524507
EUR;2019-07-15;5,961063981
EUR;2018-11-02;2,370923817
EUR;2018-10-29;1,240969718
EUR;2017-09-01;4,957570553
EUR;2018-03-20;2,704504132
EUR;2017-06-13;4,950827241
EUR;2015-01-16;3,322822273
EUR;2016-07-12;4,752271295
EUR;2017-03-24;1,697468817
EUR;2015-02-04;5,099029064
EUR;2015-06-29;1,390336454
EUR;2019-03-11;5,22471118
EUR;2012-05-29;5,053709686
EUR;2012-11-16;7,129338384
EUR;2016-03-08;7,353832006
EUR;2016-08-02;3,530965388
EUR;2013-04-12;7,811711729
EUR;2016-01-01;5,320275366
EUR;2016-04-01;6,156438947
EUR;2018-12-06;1,72310859
EUR;2012-03-19;1,696608067
EUR;2019-07-23;5,906742811
EUR;2011-12-27;4,42642647
EUR;2018-03-22;2,812054157
EUR;2011-04-14;3,771437764
EUR;2019-10-24;4,816559732
EUR;2016-08-04;6,829673231
EUR;2014-01-14;5,255125761
EUR;2013-08-26;4,718329847
EUR;2013-10-11;2,587614357
EUR;2018-10-30;6,852703214
EUR;2017-08-16;4,47005105
EUR;2011-04-26;7,057337403
EUR;2018-02-26;1,950408101
EUR;2013-02-07;3,807034791
EUR;2011-09-01;2,351540446
EUR;2016-02-11;3,867252707
EUR;2018-09-06;5,480603218
EUR;2014-05-05;3,379021823
EUR;2017-08-25;3,119670093
EUR;2012-06-07;4,950775504
EUR;2019-10-10;5,886399806
EUR;2018-10-04;1,047853231
EUR;2012-05-01;3,683810174
EUR;2014-04-10;6,175249457
EUR;2012-05-30;1,412163973
EUR;2015-08-03;3,146140575
EUR;2013-10-21;1,401835382
EUR;2019-12-23;4,730206788
EUR;2011-03-24;5,56362623
EUR;2019-02-05;2,36004281
EUR;2012-04-11;3,965039074
EUR;2011-02-17;5,770238519
EUR;2015-04-20;4,410070956
EUR;2013-04-08;6,30803746
EUR;2015-03-23;1,068203747
EUR;2015-10-21;5,678986847
EUR;2011-04-12;2,534816504
EUR;2011-03-02;5,577745378
EUR;2019-09-18;3,774168551
EUR;2019-08-16;2,905890584
EUR;2014-03-19;4,319392562
EUR;2019-09-25;1,583268523
EUR;2019-11-14;6,748568654
EUR;2017-11-23;4,606833637
EUR;2019-04-16;3,306984544
EUR;2016-03-16;7,070326686
EUR;2019-09-05;6,825655699
EUR;2011-06-09;5,548317552
EUR;2018-01-03;7,598869324
EUR;2017-04-04;7,117548227
EUR;2017-08-10;2,195791721
EUR;2011-12-06;3,398468614
EUR;2014-01-06;2,424574494
EUR;2016-12-21;7,417547584
EUR;2019-03-19;1,708822131
EUR;2011-06-06;1,589918792
EUR;2013-04-15;1,172093391
EUR;2016-07-25;4,015680254
EUR;2017-02-14;3,773065388
EUR;2017-07-21;3,353646159
EUR;2019-04-04;4,78701508
EUR;2012-11-05;7,47038132
EUR;2013-05-09;5,225274444
EUR;2018-06-08;2,330704689
EUR;2013-06-03;3,067753017
EUR;2017-03-20;7,837774575
EUR;2015-07-30;1,646355748
EUR;2017-06-23;3,824663281
EUR;2015-05-07;7,369946361
EUR;2014-11-13;5,164247096
EUR;2012-12-28;3,399108648
EUR;2017-08-15;6,297109306
EUR;2012-03-06;6,98492378
EUR;2016-02-22;1,318429768
EUR;2017-11-14;1,863662958
EUR;2019-12-20;7,901573181
EUR;2017-05-18;1,09499383
EUR;2017-11-01;1,717067897
EUR;2019-04-05;4,885526597
EUR;2011-10-19;1,662997484
EUR;2017-02-01;5,988318443
EUR;2015-07-29;2,591327727
EUR;2017-09-13;4,023587227
EUR;2013-01-01;6,464129567
EUR;2014-08-07;6,388391435
EUR;2019-01-15;5,778760493
EUR;2014-11-17;1,021396101
EUR;2018-11-22;1,909877717
EUR;2018-09-25;1,974073946
EUR;2011-10-03;3,104093552
EUR;2015-04-08;7,400990546
EUR;2019-12-30;7,705186009
EUR;2017-07-13;7,704427481
EUR;2018-07-25;3,968086541
EUR;2019-12-17;1,397532046
EUR;2015-10-05;1,121594489
EUR;2014-11-12;4,787247896
EUR;2017-03-17;7,437657356
EUR;2012-02-08;6,566053629
EUR;2017-07-14;4,831165373
EUR;2011-11-28;6,469073772
EUR;2015-04-03;4,905580878
EUR;2019-05-28;5,246070147
EUR;2014-10-10;7,582730353
EUR;2011-06-10;7,198787153
EUR;2012-04-18;3,591623902
EUR;2018-01-08;2,242627323
EUR;2016-10-24;1,705813885
EUR;2017-09-26;1,520957768
EUR;2015-03-04;7,804439783
EUR;2016-04-28;7,057940304
EUR;2019-11-22;5,430266619
EUR;2016-10-18;7,64602828
EUR;2011-01-04;5,215659738
EUR;2019-09-19;7,022149682
EUR;2018-03-13;1,771414101
EUR;2013-02-26;3,78995955
EUR;2016-04-15;1,800312042
EUR;2016-01-04;7,042520642
EUR;2018-02-27;7,366050661
EUR;2014-10-06;7,513441384
EUR;2014-11-06;1,97049284
EUR;2013-03-04;3,83446157
EUR;2014-03-28;1,34110719
EUR;2019-05-02;3,057010531
EUR;2016-03-02;1,016622543
EUR;2014-12-12;2,456252456
EUR;2016-08-09;7,450191855
EUR;2017-11-28;7,807925344
EUR;2018-12-17;6,546051502
EUR;2011-09-28;3,525230944
EUR;2014-04-01;4,836281478
EUR;2011-03-25;7,837736607
EUR;2011-12-23;4,070008934
EUR;2013-01-03;4,916261196
EUR;2012-11-26;3,038743258
EUR;2014-08-18;4,982990861
EUR;2017-07-12;4,080800235
EUR;2019-01-22;2,696918845
EUR;2017-11-27;7,678747237
EUR;2016-12-13;7,688369036
EUR;2018-08-10;4,217690051
EUR;2019-07-03;3,082329869
EUR;2011-12-26;2,538070917
EUR;2013-02-05;6,361484945
EUR;2019-08-06;5,07645762
EUR;2019-04-01;2,825417697
EUR;2016-09-21;1,943220437
EUR;2018-05-11;6,706550837
EUR;2015-08-12;5,141517103
EUR;2017-08-29;6,052087843
EUR;2012-09-28;2,265071094
EUR;2017-01-19;7,100236833
EUR;2015-02-10;5,87055707
EUR;2014-03-27;1,681500912
EUR;2018-09-12;3,322985411
EUR;2015-12-07;5,007872939
EUR;2017-12-20;2,004648328
EUR;2019-03-18;3,651153386
EUR;2016-08-29;5,84327507
EUR;2014-12-05;7,898975909
EUR;2018-05-03;7,722522855
EUR;2017-10-25;6,201843858
EUR;2014-10-21;7,792757273
EUR;2017-09-20;6,02744776
EUR;2015-07-03;6,789453685
EUR;2013-05-01;5,2885077
EUR;2014-04-29;7,058350027
EUR;2016-05-06;1,065349042
EUR;2015-03-26;2,583232164
EUR;2011-11-16;4,673915863
EUR;2016-11-07;3,249962211
EUR;2014-04-08;1,918171883
EUR;2014-02-12;3,611426175
EUR;2014-07-16;4,919539392
EUR;2015-12-11;7,554782033
EUR;2015-03-03;7,792417228
EUR;2017-12-21;3,354697168
EUR;2013-10-09;6,051297605
EUR;2015-08-25;2,009298801
EUR;2018-06-22;4,859681964
EUR;2016-08-31;5,44844377
EUR;2015-02-16;6,273505211
EUR;2014-03-10;4,950696647
EUR;2014-02-18;1,966764033
EUR;2019-10-22;3,543505728
EUR;2012-07-11;3,402018428
EUR;2011-03-10;3,792066157
EUR;2015-08-05;6,665444255
EUR;2015-03-10;1,39847374
EUR;2012-01-24;1,722788155
EUR;2017-03-08;2,600521863
EUR;2016-12-15;2,336027741
EUR;2019-06-27;4,465871215
EUR;2016-03-11;5,664543092
EUR;2012-08-02;7,234529376
EUR;2012-07-25;4,922995329
EUR;2016-10-17;3,307297885
EUR;2016-07-27;2,990691006
EUR;2012-05-18;2,271219015
EUR;2018-10-11;5,083689511
EUR;2018-04-10;5,23702246
EUR;2017-06-12;5,355559886
EUR;2011-06-23;2,75118494
EUR;2015-11-30;2,275242388
EUR;2017-04-20;2,856441021
EUR;2018-04-13;7,317851543
EUR;2010-12-31;4,85620141
EUR;2017-12-12;6,852196693
EUR;2012-06-22;4,061825335
EUR;2013-06-12;5,842014194
EUR;2018-11-28;4,67112416
EUR;2012-02-14;5,815757751
EUR;2015-05-08;3,851332366
EUR;2011-02-16;1,138086855
EUR;2012-03-12;5,224464595
EUR;2017-09-14;5,447172463
EUR;2013-04-04;6,973385632
EUR;2018-10-05;5,906356871
EUR;2017-06-27;2,010674
EUR;2016-02-17;7,449699521
EUR;2017-06-19;6,810057044
EUR;2015-01-22;4,364750326
EUR;2015-03-02;2,768165469
EUR;2016-02-10;1,627151787
EUR;2019-09-04;2,38446635
EUR;2015-01-29;7,940427542
EUR;2012-05-15;2,236932099
EUR;2013-11-22;4,555896223
EUR;2010-12-10;5,155274928
EUR;2018-10-23;4,447590172
EUR;2012-11-19;1,522619188
EUR;2017-03-29;1,228573322
EUR;2013-03-29;1,784914076
EUR;2019-07-25;5,284790158
EUR;2017-01-20;1,607787609
EUR;2013-06-06;4,034000516
EUR;2019-03-20;5,296619117
EUR;2012-09-21;2,122584939
EUR;2017-05-09;2,804743826
EUR;2012-07-24;2,936655223
EUR;2014-02-14;4,241808593
EUR;2013-11-19;6,264558077
EUR;2011-01-26;6,559996247
EUR;2011-02-08;5,417975366
EUR;2011-04-22;4,828410387
EUR;2011-11-24;7,672688603
EUR;2013-08-12;7,78899008
EUR;2012-01-02;7,203467667
EUR;2011-05-20;5,774021149
EUR;2016-02-24;2,868512809
EUR;2011-06-24;5,754125416
EUR;2011-05-03;3,271589458
EUR;2012-03-16;2,251294076
EUR;2011-06-29;1,660026789
EUR;2017-10-31;1,337715507
EUR;2018-08-01;1,93849194
EUR;2016-08-17;5,329107761
EUR;2012-07-17;6,611425996
EUR;2017-02-08;2,834090292
EUR;2018-03-30;6,304216027
